{
  "version": 1,
  "author": "Anonymous maker",
  "editor": "wokwi",
  "parts": [
    {
      "type": "wokwi-pi-pico",
      "id": "pico",
      "top": 6.45,
      "left": -63.6,
      "attrs": { "env": "micropython-20231227-v1.22.0" }
    },
    { "type": "wokwi-vcc", "id": "vcc1", "top": -152.84, "left": 259.2, "attrs": {} },
    { "type": "wokwi-led", "id": "led1", "top": -61.2, "left": -313, "attrs": { "color": "red" } },
    {
      "type": "wokwi-led",
      "id": "led2",
      "top": -61.2,
      "left": -284.2,
      "attrs": { "color": "red" }
    },
    {
      "type": "wokwi-led",
      "id": "led3",
      "top": -61.2,
      "left": -255.4,
      "attrs": { "color": "red" }
    },
    {
      "type": "wokwi-led",
      "id": "led4",
      "top": -61.2,
      "left": -226.6,
      "attrs": { "color": "red" }
    },
    {
      "type": "wokwi-led",
      "id": "led5",
      "top": -61.2,
      "left": -197.8,
      "attrs": { "color": "red" }
    },
    { "type": "wokwi-led", "id": "led6", "top": -61.2, "left": -169, "attrs": { "color": "red" } },
    {
      "type": "wokwi-led",
      "id": "led7",
      "top": -61.2,
      "left": -140.2,
      "attrs": { "color": "red" }
    },
    {
      "type": "wokwi-led",
      "id": "led8",
      "top": -61.2,
      "left": -111.4,
      "attrs": { "color": "red" }
    },
    { "type": "wokwi-ili9341", "id": "lcd1", "top": -392.8, "left": -67.5, "attrs": {} },
    {
      "type": "wokwi-ntc-temperature-sensor",
      "id": "ntc1",
      "top": -65.1,
      "left": 114.7,
      "rotate": 90,
      "attrs": {}
    }
  ],
  "connections": [
    [ "led1:A", "pico:GP0", "green", [ "v0" ] ],
    [ "led2:A", "pico:GP1", "green", [ "v0" ] ],
    [ "led3:A", "pico:GP2", "green", [ "v0" ] ],
    [ "led4:A", "pico:GP3", "green", [ "v0" ] ],
    [ "led5:A", "pico:GP4", "green", [ "v0" ] ],
    [ "led6:A", "pico:GP5", "green", [ "v0" ] ],
    [ "led7:A", "pico:GP6", "green", [ "v0" ] ],
    [ "led8:A", "pico:GP7", "green", [ "v0" ] ],
    [ "pico:GND.4", "led8:C", "black", [ "h0" ] ],
    [ "pico:GND.4", "led7:C", "black", [ "h0" ] ],
    [ "pico:GND.3", "led6:C", "black", [ "h0" ] ],
    [ "pico:GND.3", "led5:C", "black", [ "h0" ] ],
    [ "pico:GND.2", "led4:C", "black", [ "h0" ] ],
    [ "pico:GND.2", "led3:C", "black", [ "h0" ] ],
    [ "pico:GND.1", "led2:C", "black", [ "h0" ] ],
    [ "pico:GND.1", "led1:C", "black", [ "h0" ] ],
    [ "lcd1:GND", "pico:GND.8", "black", [ "v76.8", "h38.4", "v67.2" ] ],
    [ "pico:GP17", "lcd1:CS", "green", [ "h30", "v-230.4", "h-38.4" ] ],
    [ "lcd1:RST", "pico:GP20", "green", [ "v57.6", "h38.4", "v201.6" ] ],
    [ "pico:GP15", "lcd1:D/C", "green", [ "v9.6", "h115.2", "v-268.8", "h-38.4" ] ],
    [ "pico:GP19", "lcd1:MOSI", "green", [ "h58.8", "v-230.4", "h-38.39" ] ],
    [ "pico:GP16", "lcd1:MISO", "green", [ "h87.6", "v-297.6", "h-38.39" ] ],
    [ "pico:3V3", "lcd1:VCC", "red", [ "h10.8", "v-76.8", "h-38.4" ] ],
    [ "lcd1:LED", "pico:3V3", "red", [ "v19.2", "h38.39", "v144" ] ],
    [ "pico:GP18", "lcd1:SCK", "green", [ "h68.4", "v-249.6", "h-38.39" ] ],
    [ "ntc1:OUT", "pico:GP26", "green", [ "v0" ] ],
    [ "ntc1:VCC", "pico:3V3", "red", [ "v0" ] ],
    [ "ntc1:GND", "pico:GND.7", "black", [ "v0" ] ]
  ],
  "dependencies": {}
}